,Rentrée scolaire,Académie,Code du département,Département,UAI,Nom de l'établissment,Code INSEE de la commune,Nom de la commune,Secteur,IPS
85,2021-2022,MONTPELLIER,011,AUDE,0110003U,COLLEGE DE L ALARIC,11068,CAPENDU,public,96.3
86,2021-2022,MONTPELLIER,011,AUDE,0110011C,COLLEGE BLAISE D AURIOL,11076,CASTELNAUDARY,public,104.2
87,2021-2022,MONTPELLIER,011,AUDE,0110675Z,COLLEGE MICHEL BOUSQUIE,11304,QUILLAN,public,83.0
88,2021-2022,MONTPELLIER,011,AUDE,0110686L,COLLEGE JOSEPH ANGLADE,11203,LEZIGNAN CORBIERES,public,95.5
89,2021-2022,MONTPELLIER,011,AUDE,0110724C,COLLEGE DES CORBIERES MARITIMES,11379,SIGEAN,public,98.2
90,2021-2022,MONTPELLIER,011,AUDE,0110870L,COLLEGE ANTOINE PONS,11091,CHALABRE,public,98.2
91,2021-2022,MONTPELLIER,011,AUDE,0110896P,COLLEGE PRIVE JEANNE D ARC,11076,CASTELNAUDARY,privé sous contrat,118.2
299,2021-2022,MONTPELLIER,030,GARD,0300042H,COLLEGE MARCEAU LAPIERRE,30269,SAINT JEAN DU GARD,public,108.7
300,2021-2022,MONTPELLIER,030,GARD,0300050S,COLLEGE,30344,VERGEZE,public,105.4
301,2021-2022,MONTPELLIER,030,GARD,0300101X,COLLEGE PRIVE MAINTENON,30321,SOMMIERES,privé sous contrat,123.9
302,2021-2022,MONTPELLIER,030,GARD,0300141R,COLLEGE CONDORCET,30189,NIMES,public,62.1
303,2021-2022,MONTPELLIER,030,GARD,0300922P,COLLEGE PRIVE TAISSON,30007,ALES,privé sous contrat,117.6
304,2021-2022,MONTPELLIER,030,GARD,0301014P,COLLEGE DENIS DIDEROT,30007,ALES,public,88.2
305,2021-2022,MONTPELLIER,030,GARD,0301245R,COLLEGE LOU CASTELLAS,30156,MARGUERITTES,public,106.4
306,2021-2022,MONTPELLIER,030,GARD,0301356L,COLLEGE PRIVE EMMANUEL D ALZON,30189,NIMES,privé sous contrat,102.7
307,2021-2022,MONTPELLIER,030,GARD,0301656M,COLLEGE CLAUDIE HAIGNERE,30217,ROCHEFORT DU GARD,public,116.2
308,2021-2022,MONTPELLIER,030,GARD,0301670C,COLLEGE FREDERIC DESMONS,30255,SAINT GENIES DE MALGOIRES,public,104.2
309,2021-2022,MONTPELLIER,030,GARD,0301721H,COLLEGE JEAN LOUIS TRINTIGNANT,30334,UZES,public,108.2
310,2021-2022,MONTPELLIER,030,GARD,0301723K,COLLEGE THEODORE MONOD,30082,CLARENSAC,public,120.2
311,2021-2022,MONTPELLIER,030,GARD,0301751R,COLLEGE PRIVE EMMANUEL D ALZON,30133,LE GRAU DU ROI,privé sous contrat,114.9
312,2021-2022,MONTPELLIER,030,GARD,0301816L,COLLEGE CLAUDE CHAPPE,30123,GALLARGUES LE MONTUEUX,public,110.8
374,2021-2022,MONTPELLIER,034,HERAULT,0340025T,COLLEGE LES DEUX PINS,34108,FRONTIGNAN,public,95.2
375,2021-2022,MONTPELLIER,034,HERAULT,0340032A,COLLEGE LES ARBOURYS,34147,MAGALAS,public,106.4
376,2021-2022,MONTPELLIER,034,HERAULT,0340053Y,COLLEGE CROIX D ARGENT,34172,MONTPELLIER,public,88.2
377,2021-2022,MONTPELLIER,034,HERAULT,0340063J,COLLEGE LOUIS CAHUZAC,34226,QUARANTE,public,100.3
378,2021-2022,MONTPELLIER,034,HERAULT,0340070S,COLLEGE DU JAUR,34284,SAINT PONS DE THOMIERES,public,97.0
379,2021-2022,MONTPELLIER,034,HERAULT,0340110K,COLLEGE PIC SAINT LOUP,34247,SAINT CLEMENT DE RIVIERE,public,131.9
380,2021-2022,MONTPELLIER,034,HERAULT,0340111L,COLLEGE CLEMENCEAU,34172,MONTPELLIER,public,103.1
381,2021-2022,MONTPELLIER,034,HERAULT,0340117T,COLLEGE PAUL DARDE,34142,LODEVE,public,99.6
382,2021-2022,MONTPELLIER,034,HERAULT,0340119V,COLLEGE FERDINAND FABRE,34028,BEDARIEUX,public,94.4
383,2021-2022,MONTPELLIER,034,HERAULT,0340837A,COLLEGE JEAN BENE,34199,PEZENAS,public,101.1
384,2021-2022,MONTPELLIER,034,HERAULT,0340888F,COLLEGE PRIVE NOTRE DAME,34028,BEDARIEUX,privé sous contrat,91.9
385,2021-2022,MONTPELLIER,034,HERAULT,0340891J,COLLEGE PRIVE SAINTE MADELEINE,34032,BEZIERS,privé sous contrat,106.3
386,2021-2022,MONTPELLIER,034,HERAULT,0340896P,COLLEGE PRIVE LA PRESENTATION,34111,GANGES,privé sous contrat,99.4
387,2021-2022,MONTPELLIER,034,HERAULT,0340974Z,COLLEGE EMMANUEL MAFFRE BAUGE,34194,PAULHAN,public,109.4
388,2021-2022,MONTPELLIER,034,HERAULT,0341030K,COLLEGE CAMILLE CLAUDEL,34172,MONTPELLIER,public,127.1
389,2021-2022,MONTPELLIER,034,HERAULT,0341066Z,COLLEGE JEAN PERRIN,34032,BEZIERS,public,79.8
390,2021-2022,MONTPELLIER,034,HERAULT,0341276C,COLLEGE LOUIS GERMAIN,34270,SAINT JEAN DE VEDAS,public,111.3
391,2021-2022,MONTPELLIER,034,HERAULT,0341280G,COLLEGE LES PINS,34058,CASTRIES,public,123.7
392,2021-2022,MONTPELLIER,034,HERAULT,0341387Y,COLLEGE ALFRED CROUZET,34300,SERVIAN,public,106.0
393,2021-2022,MONTPELLIER,034,HERAULT,0341388Z,COLLEGE MARCEL PAGNOL,34299,SERIGNAN,public,102.1
394,2021-2022,MONTPELLIER,034,HERAULT,0341577E,COLLEGE LE BERANGE,34022,BAILLARGUES,public,115.4
395,2021-2022,MONTPELLIER,034,HERAULT,0342077Y,COLLEGE RAY CHARLES,34095,FABREGUES,public,117.2
396,2021-2022,MONTPELLIER,034,HERAULT,0342130F,COLLEGE PIERRE DELEY,34150,MARSEILLAN,public,91.4
397,2021-2022,MONTPELLIER,034,HERAULT,0342186S,COLLEGE MAX ROUQUETTE,34239,SAINT ANDRE DE SANGONIS,public,108.6
398,2021-2022,MONTPELLIER,034,HERAULT,0342326U,COLLEGE BOBY LAPOINTE,34237,ROUJAN,public,106.0
550,2021-2022,MONTPELLIER,048,LOZERE,0480006W,COLLEGE SPORT NATURE,48034,LA CANOURGUE,public,118.2
551,2021-2022,MONTPELLIER,048,LOZERE,0480015F,COLLEGE ACHILLE ROUSSON,48148,SAINT ETIENNE VALLEE FRANCAISE,public,111.3
552,2021-2022,MONTPELLIER,048,LOZERE,0480032Z,COLLEGE PRIVE SAINT PRIVAT,48095,MENDE,privé sous contrat,105.9
849,2021-2022,MONTPELLIER,066,PYRENEES-ORIENTALES,0660001T,COLLEGE DES ALBERES,66008,ARGELES SUR MER,public,96.6
850,2021-2022,MONTPELLIER,066,PYRENEES-ORIENTALES,0660007Z,COLLEGE IRENE JOLIOT CURIE,66071,ESTAGEL,public,100.2
851,2021-2022,MONTPELLIER,066,PYRENEES-ORIENTALES,0660019M,COLLEGE SAINT EXUPERY,66136,PERPIGNAN,public,76.5
852,2021-2022,MONTPELLIER,066,PYRENEES-ORIENTALES,0660022R,COLLEGE GUSTAVE VIOLET,66149,PRADES,public,100.2
853,2021-2022,MONTPELLIER,066,PYRENEES-ORIENTALES,0660634F,COLLEGE CLIMATIQUE ET SPORTIF,66124,FONT ROMEU ODEILLO VIA,public,114.4
854,2021-2022,MONTPELLIER,066,PYRENEES-ORIENTALES,0660648W,COLLEGE LA COTE RADIEUSE,66037,CANET EN ROUSSILLON,public,103.4
855,2021-2022,MONTPELLIER,066,PYRENEES-ORIENTALES,0660865G,COLLEGE PIERRE MENDES FRANCE,66168,SAINT ANDRE,public,109.9
1504,2021-2022,MONTPELLIER,011,AUDE,0110044N,COLLEGE PRIVE JEANNE D ARC,11069,CARCASSONNE,privé sous contrat,118.2
1505,2021-2022,MONTPELLIER,011,AUDE,0110665N,COLLEGE VARSOVIE,11069,CARCASSONNE,public,105.1
1506,2021-2022,MONTPELLIER,011,AUDE,0110674Y,COLLEGE GASTON BONHEUR,11397,TREBES,public,91.5
1507,2021-2022,MONTPELLIER,011,AUDE,0110810W,COLLEGE DE GRAZAILLES,11069,CARCASSONNE,public,87.7
1693,2021-2022,MONTPELLIER,030,GARD,0300032X,COLLEGE DE COUTACH,30210,QUISSAC,public,113.4
1694,2021-2022,MONTPELLIER,030,GARD,0300039E,COLLEGE DE LA GALABERTE,30263,SAINT HIPPOLYTE DU FORT,public,104.1
1695,2021-2022,MONTPELLIER,030,GARD,0300059B,COLLEGE JULES VERNE,30189,NIMES,public,71.9
1696,2021-2022,MONTPELLIER,030,GARD,0300088H,COLLEGE PRIVE SAINT JEAN,30028,BAGNOLS SUR CEZE,privé sous contrat,115.0
1697,2021-2022,MONTPELLIER,030,GARD,0300093N,COLLEGE PRIVE SAINT JEAN BAPTISTE DE LA SALLE,30189,NIMES,privé sous contrat,109.9
1698,2021-2022,MONTPELLIER,030,GARD,0300098U,COLLEGE PRIVE NOTRE DAME,30202,PONT SAINT ESPRIT,privé sous contrat,106.4
1699,2021-2022,MONTPELLIER,030,GARD,0300946R,COLLEGE REVOLUTION,30189,NIMES,public,114.5
1700,2021-2022,MONTPELLIER,030,GARD,0301213F,COLLEGE PAUL VALERY,30221,ROQUEMAURE,public,106.2
1701,2021-2022,MONTPELLIER,030,GARD,0301746K,COLLEGE VIA DOMITIA,30155,MANDUEL,public,104.2
1702,2021-2022,MONTPELLIER,030,GARD,0301747L,COLLEGE,30146,LEDIGNAN,public,99.6
1752,2021-2022,MONTPELLIER,034,HERAULT,0340021N,COLLEGE JULES FERRY,34069,CAZOULS LES BEZIERS,public,98.8
1753,2021-2022,MONTPELLIER,034,HERAULT,0340048T,COLLEGE CLEMENCE ROYER,34172,MONTPELLIER,public,111.4
1754,2021-2022,MONTPELLIER,034,HERAULT,0340869K,COLLEGE PRIVE PIC LA SALLE (PRIVE IMMACULEE CONCEPTION),34032,BEZIERS,privé sous contrat,124.6
1755,2021-2022,MONTPELLIER,034,HERAULT,0340872N,COLLEGE PRIVE FENELON,34032,BEZIERS,privé sous contrat,113.8
1756,2021-2022,MONTPELLIER,034,HERAULT,0340908C,COLLEGE PRIVE SAINT CHARLES,34259,SAINT GEORGES D ORQUES,privé sous contrat,123.7
1757,2021-2022,MONTPELLIER,034,HERAULT,0340998A,COLLEGE JEU DE MAIL,34172,MONTPELLIER,public,94.3
1758,2021-2022,MONTPELLIER,034,HERAULT,0341028H,COLLEGE GEORGES BRASSENS,34129,LATTES,public,114.2
1759,2021-2022,MONTPELLIER,034,HERAULT,0341367B,COLLEGE PAUL BERT,34052,CAPESTANG,public,104.6
1760,2021-2022,MONTPELLIER,034,HERAULT,0341656R,COLLEGE PHILIPPE LAMOUR,34344,LA GRANDE MOTTE,public,110.1
1761,2021-2022,MONTPELLIER,034,HERAULT,0341726S,COLLEGE PRIVE NAZARETH,34172,MONTPELLIER,privé sous contrat,75.2
1762,2021-2022,MONTPELLIER,034,HERAULT,0341825Z,COLLEGE AMBRUSSUM,34145,LUNEL,public,107.6
1763,2021-2022,MONTPELLIER,034,HERAULT,0342012C,COLLEGI CALANDRETA LEON CORDAS (COLLEGE PRIVE),34172,MONTPELLIER,privé sous contrat,123.1
1764,2021-2022,MONTPELLIER,034,HERAULT,0342036D,COLLEGE PIERRE MENDES FRANCE,34120,JACOU,public,129.2
1765,2021-2022,MONTPELLIER,034,HERAULT,0342078Z,COLLEGE DES SALINS,34337,VILLENEUVE LES MAGUELONE,public,108.4
1766,2021-2022,MONTPELLIER,034,HERAULT,0342147Z,COLLEGE PRIVE BEIT CHALOM,34172,MONTPELLIER,privé sous contrat,72.3
1945,2021-2022,MONTPELLIER,048,LOZERE,0480001R,COLLEGE HENRI ROUVIERE,48027,MONT LOZERE ET GOULET,public,105.5
1946,2021-2022,MONTPELLIER,048,LOZERE,0480002S,COLLEGE HENRI GAMALA,48051,LE COLLET DE DEZE,public,105.1
1947,2021-2022,MONTPELLIER,048,LOZERE,0480003T,COLLEGE DES TROIS VALLEES,48061,FLORAC TROIS RIVIERES,public,106.8
1948,2021-2022,MONTPELLIER,048,LOZERE,0480034B,COLLEGE PRIVE SAINTE MARIE,48096,MEYRUEIS,privé sous contrat,101.7
1949,2021-2022,MONTPELLIER,048,LOZERE,0480038F,COLLEGE PRIVE SACRE COEUR,48140,SAINT CHELY D APCHER,privé sous contrat,105.3
2203,2021-2022,MONTPELLIER,066,PYRENEES-ORIENTALES,0660008A,COLLEGE PIERRE FOUCHE,66088,ILLE SUR TET,public,98.8
2204,2021-2022,MONTPELLIER,066,PYRENEES-ORIENTALES,0660012E,COLLEGE JOSEPH SEBASTIEN PONS,66136,PERPIGNAN,public,63.8
2205,2021-2022,MONTPELLIER,066,PYRENEES-ORIENTALES,0660030Z,COLLEGE PIERRE MORETO,66210,THUIR,public,101.5
2206,2021-2022,MONTPELLIER,066,PYRENEES-ORIENTALES,0660049V,COLLEGE JEAN MOULIN,66136,PERPIGNAN,public,98.6
2207,2021-2022,MONTPELLIER,066,PYRENEES-ORIENTALES,0660068R,COLLEGE PRIVE SAINT JOSEPH,66149,PRADES,privé sous contrat,95.4
2208,2021-2022,MONTPELLIER,066,PYRENEES-ORIENTALES,0660601V,COLLEGE JEAN AMADE,66049,CERET,public,103.4
2209,2021-2022,MONTPELLIER,066,PYRENEES-ORIENTALES,0660866H,COLLEGE JEAN ROUS,66141,PIA,public,87.9
2210,2021-2022,MONTPELLIER,066,PYRENEES-ORIENTALES,0660925X,COLLEGE CHRISTIAN BOURQUIN,66108,MILLAS,public,102.8
2901,2021-2022,MONTPELLIER,011,AUDE,0110015G,COLLEGE JEAN BAPTISTE BIEULES,11103,COUIZA,public,90.2
2902,2021-2022,MONTPELLIER,011,AUDE,0110025T,COLLEGE CITE,11262,NARBONNE,public,108.3
2903,2021-2022,MONTPELLIER,011,AUDE,0110067N,COLLEGE LES MAILHEULS,11106,COURSAN,public,103.9
2904,2021-2022,MONTPELLIER,011,AUDE,0110825M,COLLEGE LES FONTANILLES,11076,CASTELNAUDARY,public,94.0
2905,2021-2022,MONTPELLIER,011,AUDE,0110859Z,COLLEGE JOSEPH DELTEIL,11206,LIMOUX,public,98.3
2906,2021-2022,MONTPELLIER,011,AUDE,0111015U,COLLEGE MARCELIN ALBERT,11360,SAINT NAZAIRE D AUDE,public,100.4
2907,2021-2022,MONTPELLIER,011,AUDE,0111051H,COLLEGE ROSA PARKS,11203,LEZIGNAN CORBIERES,public,92.5
3136,2021-2022,MONTPELLIER,030,GARD,0300006U,COLLEGE FLORIAN,30010,ANDUZE,public,104.8
3137,2021-2022,MONTPELLIER,030,GARD,0300025P,COLLEGE ROMAIN ROLLAND,30189,NIMES,public,56.4
3138,2021-2022,MONTPELLIER,030,GARD,0300033Y,COLLEGE VOLTAIRE,30212,REMOULINS,public,113.1
3139,2021-2022,MONTPELLIER,030,GARD,0300062E,COLLEGE CAPOUCHINE,30189,NIMES,public,78.1
3140,2021-2022,MONTPELLIER,030,GARD,0300085E,COLLEGE PRIVE SANCTA MARIA,30351,VILLENEUVE LES AVIGNON,privé sous contrat,119.6
3141,2021-2022,MONTPELLIER,030,GARD,0300091L,COLLEGE PRIVE,30132,LA GRAND COMBE,privé sous contrat,74.7
3142,2021-2022,MONTPELLIER,030,GARD,0300099V,COLLEGE PRIVE SAINT JOSEPH,30227,SAINT AMBROIX,privé sous contrat,96.9
3143,2021-2022,MONTPELLIER,030,GARD,0300945P,COLLEGE FEUCHERES,30189,NIMES,public,87.5
3144,2021-2022,MONTPELLIER,030,GARD,0301010K,COLLEGE ADA LOVELACE,30189,NIMES,public,81.9
3145,2021-2022,MONTPELLIER,030,GARD,0301098F,COLLEGE LES OLIVIERS,30189,NIMES,public,79.7
3146,2021-2022,MONTPELLIER,030,GARD,0301208A,COLLEGE EUGENE VIGNE,30032,BEAUCAIRE,public,82.3
3147,2021-2022,MONTPELLIER,030,GARD,0301214G,COLLEGE DU MOURION,30351,VILLENEUVE LES AVIGNON,public,124.8
3148,2021-2022,MONTPELLIER,030,GARD,0301232B,COLLEGE GASTON DOUMERGUE,30321,SOMMIERES,public,113.4
3149,2021-2022,MONTPELLIER,030,GARD,0301325C,COLLEGE HENRI PITOT,30012,ARAMON,public,105.1
3150,2021-2022,MONTPELLIER,030,GARD,0301326D,COLLEGE ANDRE CHAMSON,30350,LE VIGAN,public,94.9
3151,2021-2022,MONTPELLIER,030,GARD,0301827Y,COLLEGE FEDERICO GARCIA LORCA,30034,BELLEGARDE,public,104.5
3218,2021-2022,MONTPELLIER,034,HERAULT,0340016H,COLLEGE LA DULLAGUE,34032,BEZIERS,public,78.0
3219,2021-2022,MONTPELLIER,034,HERAULT,0340051W,COLLEGE FONTCARRADE,34172,MONTPELLIER,public,86.4
3220,2021-2022,MONTPELLIER,034,HERAULT,0340065L,COLLEGE JEAN JAURES,34245,SAINT CHINIAN,public,95.2
3221,2021-2022,MONTPELLIER,034,HERAULT,0340118U,COLLEGE HENRI IV,34032,BEZIERS,public,71.3
3222,2021-2022,MONTPELLIER,034,HERAULT,0340874R,COLLEGE PRIVE L ASSOMPTION,34172,MONTPELLIER,privé sous contrat,138.5
3223,2021-2022,MONTPELLIER,034,HERAULT,0340876T,COLLEGE PRIVE SAINT FRANCOIS REGIS,34172,MONTPELLIER,privé sous contrat,136.6
3224,2021-2022,MONTPELLIER,034,HERAULT,0340893L,COLLEGE PRIVE SAINT GUILHEM,34079,CLERMONT L HERAULT,privé sous contrat,116.0
3225,2021-2022,MONTPELLIER,034,HERAULT,0340894M,COLLEGE PRIVE SAINTE THERESE LA SALLE,34108,FRONTIGNAN,privé sous contrat,111.0
3226,2021-2022,MONTPELLIER,034,HERAULT,0340897R,COLLEGE PRIVE SAINTE THERESE,34145,LUNEL,privé sous contrat,115.3
3227,2021-2022,MONTPELLIER,034,HERAULT,0340902W,COLLEGE PRIVE SAINT JEAN BAPTISTE DE LA SALLE,34172,MONTPELLIER,privé sous contrat,142.7
3228,2021-2022,MONTPELLIER,034,HERAULT,0340955D,COLLEGE SIMONE VEIL,34172,MONTPELLIER,public,75.8
3229,2021-2022,MONTPELLIER,034,HERAULT,0340972X,COLLEGE VICTOR HUGO,34301,SETE,public,87.8
3230,2021-2022,MONTPELLIER,034,HERAULT,0341065Y,COLLEGE JEAN MOULIN,34301,SETE,public,74.7
3231,2021-2022,MONTPELLIER,034,HERAULT,0341278E,COLLEGE ARTHUR RIMBAUD,34172,MONTPELLIER,public,68.5
3232,2021-2022,MONTPELLIER,034,HERAULT,0341321B,COLLEGE KATIA ET MAURICE KRAFFT,34032,BEZIERS,public,77.6
3233,2021-2022,MONTPELLIER,034,HERAULT,0341363X,COLLEGE DE LA VOIE DOMITIENNE,34090,LE CRES,public,121.1
3234,2021-2022,MONTPELLIER,034,HERAULT,0341364Y,COLLEGE GERARD PHILIPE,34172,MONTPELLIER,public,77.8
3235,2021-2022,MONTPELLIER,034,HERAULT,0341368C,COLLEGE DE L ETANG DE L OR,34154,MAUGUIO,public,120.0
3236,2021-2022,MONTPELLIER,034,HERAULT,0341386X,COLLEGE LO TRENTANEL,34114,GIGNAC,public,113.6
3237,2021-2022,MONTPELLIER,034,HERAULT,0341537L,COLLEGE FREDERIC MISTRAL,34198,PEROLS,public,119.1
3238,2021-2022,MONTPELLIER,034,HERAULT,0341893Y,COLLEGE PAUL EMILE VICTOR,34003,AGDE,public,88.7
3239,2021-2022,MONTPELLIER,034,HERAULT,0342052W,COLLEGE SIMONE DE BEAUVOIR,34108,FRONTIGNAN,public,108.0
3421,2021-2022,MONTPELLIER,048,LOZERE,0480004U,COLLEGE MARTHE DUPEYRON,48080,LANGOGNE,public,109.5
3422,2021-2022,MONTPELLIER,048,LOZERE,0480005V,COLLEGE MARCEL PIERREL,48092,MARVEJOLS,public,110.6
3423,2021-2022,MONTPELLIER,048,LOZERE,0480013D,COLLEGE HAUT GEVAUDAN,48140,SAINT CHELY D APCHER,public,106.6
3424,2021-2022,MONTPELLIER,048,LOZERE,0480016G,COLLEGE DU TRENZE,48194,VIALAS,public,82.9
3425,2021-2022,MONTPELLIER,048,LOZERE,0480678B,COLLEGE PRIVE SAINT PIERRE SAINT PAUL,48080,LANGOGNE,privé sous contrat,106.4
3718,2021-2022,MONTPELLIER,066,PYRENEES-ORIENTALES,0660037G,COLLEGE JOFFRE,66164,RIVESALTES,public,91.5
3719,2021-2022,MONTPELLIER,066,PYRENEES-ORIENTALES,0660038H,COLLEGE DE LA COTE VERMEILLE,66148,PORT VENDRES,public,99.2
3720,2021-2022,MONTPELLIER,066,PYRENEES-ORIENTALES,0660063K,INSTITUTION LA SALLE SAINT JEAN COLLEGE PRIVE,66136,PERPIGNAN,privé sous contrat,122.6
3721,2021-2022,MONTPELLIER,066,PYRENEES-ORIENTALES,0660600U,COLLEGE,66025,BOURG MADAME,public,109.2
3722,2021-2022,MONTPELLIER,066,PYRENEES-ORIENTALES,0660846L,COLLEGE PRIVE SAINT PIERRE DE LA MER,66171,SAINT CYPRIEN,privé sous contrat,123.5
3723,2021-2022,MONTPELLIER,066,PYRENEES-ORIENTALES,0660864F,COLLEGE FRANCOIS MITTERRAND,66213,TOULOUGES,public,108.8
4345,2021-2022,MONTPELLIER,011,AUDE,0110021N,COLLEGE VICTOR HUGO,11262,NARBONNE,public,91.9
4346,2021-2022,MONTPELLIER,011,AUDE,0110037F,COLLEGE ALAIN,11069,CARCASSONNE,public,89.7
4347,2021-2022,MONTPELLIER,011,AUDE,0110049U,COLLEGE PRIVE INSTITUTION SEVIGNE,11262,NARBONNE,privé sous contrat,110.7
4348,2021-2022,MONTPELLIER,011,AUDE,0110667R,COLLEGE PIERRE ET MARIE CURIE,11315,RIEUX MINERVOIS,public,97.1
4349,2021-2022,MONTPELLIER,011,AUDE,0110725D,COLLEGE LA NADIERE,11266,PORT LA NOUVELLE,public,89.8
4350,2021-2022,MONTPELLIER,011,AUDE,0111034P,COLLEGE PRIVE L AMANDIER,11203,LEZIGNAN CORBIERES,privé sous contrat,94.3
4570,2021-2022,MONTPELLIER,030,GARD,0300013B,COLLEGE LE CASTELLAS,30037,BESSEGES,public,84.2
4571,2021-2022,MONTPELLIER,030,GARD,0300016E,COLLEGE DE LA REGORDANE,30130,GENOLHAC,public,102.7
4572,2021-2022,MONTPELLIER,030,GARD,0300020J,COLLEGE ANTOINE DEPARCIEUX,30159,LE MARTINET,public,86.2
4573,2021-2022,MONTPELLIER,030,GARD,0300031W,COLLEGE GEORGE VILLE,30202,PONT SAINT ESPRIT,public,97.0
4574,2021-2022,MONTPELLIER,030,GARD,0300037C,COLLEGE JEAN VILAR,30258,SAINT GILLES,public,84.9
4575,2021-2022,MONTPELLIER,030,GARD,0300929X,COLLEGE DU MONT DUPLAN,30189,NIMES,public,101.7
4576,2021-2022,MONTPELLIER,030,GARD,0300947S,COLLEGE ALPHONSE DAUDET,30007,ALES,public,81.2
4577,2021-2022,MONTPELLIER,030,GARD,0300949U,COLLEGE JEAN RACINE,30007,ALES,public,107.6
4578,2021-2022,MONTPELLIER,030,GARD,0300996V,COLLEGE PRIVE SAMUEL VINCENT,30189,NIMES,privé sous contrat,94.0
4579,2021-2022,MONTPELLIER,030,GARD,0301012M,COLLEGE LEO LARGUIER,30132,LA GRAND COMBE,public,79.6
4580,2021-2022,MONTPELLIER,030,GARD,0301211D,COLLEGE LE BOSQUET,30028,BAGNOLS SUR CEZE,public,93.5
4581,2021-2022,MONTPELLIER,030,GARD,0301244P,COLLEGE PRIVE SAINT FIRMIN,30334,UZES,privé sous contrat,112.6
4582,2021-2022,MONTPELLIER,030,GARD,0301284H,COLLEGE JEAN ROSTAND,30189,NIMES,public,103.3
4583,2021-2022,MONTPELLIER,030,GARD,0301354J,COLLEGE PRIVE BELLEVUE,30007,ALES,privé sous contrat,115.8
4584,2021-2022,MONTPELLIER,030,GARD,0301653J,COLLEGE PRIVEE D ALZON CANDIAC,30347,VESTRIC ET CANDIAC,privé sous contrat,110.8
4585,2021-2022,MONTPELLIER,030,GARD,0301671D,COLLEGE LE VIGNET,30062,CALVISSON,public,119.4
4638,2021-2022,MONTPELLIER,034,HERAULT,0340024S,COLLEGE VOLTAIRE,34101,FLORENSAC,public,99.0
4639,2021-2022,MONTPELLIER,034,HERAULT,0340031Z,COLLEGE FREDERIC MISTRAL,34145,LUNEL,public,78.6
4640,2021-2022,MONTPELLIER,034,HERAULT,0340034C,COLLEGE ROGER CONTREPAS,34151,MARSILLARGUES,public,97.7
4641,2021-2022,MONTPELLIER,034,HERAULT,0340054Z,COLLEGE LE CEDRE,34178,MURVIEL LES BEZIERS,public,104.2
4642,2021-2022,MONTPELLIER,034,HERAULT,0340836Z,COLLEGE PAUL RIQUET,34032,BEZIERS,public,66.8
4643,2021-2022,MONTPELLIER,034,HERAULT,0340883A,COLLEGE PRIVE SAINT ROCH,34172,MONTPELLIER,privé sous contrat,113.3
4644,2021-2022,MONTPELLIER,034,HERAULT,0340885C,COLLEGE PRIVE SAINT JOSEPH,34301,SETE,privé sous contrat,119.4
4645,2021-2022,MONTPELLIER,034,HERAULT,0340899T,COLLEGE PRIVE SAINTE MARIE LA SALLE,34172,MONTPELLIER,privé sous contrat,139.4
4646,2021-2022,MONTPELLIER,034,HERAULT,0340973Y,COLLEGE JEAN JAURES,34157,MEZE,public,99.6
4647,2021-2022,MONTPELLIER,034,HERAULT,0341366A,COLLEGE DU SALAGOU,34079,CLERMONT L HERAULT,public,100.5
4648,2021-2022,MONTPELLIER,034,HERAULT,0341424N,COLLEGE LOUISE MICHEL,34111,GANGES,public,111.2
4649,2021-2022,MONTPELLIER,034,HERAULT,0341592W,COLLEGE MARCEL PAGNOL,34172,MONTPELLIER,public,77.7
4650,2021-2022,MONTPELLIER,034,HERAULT,0341705U,COLLEGE ALAIN SAVARY,34276,SAINT MATHIEU DE TREVIERS,public,122.7
4651,2021-2022,MONTPELLIER,034,HERAULT,0341764H,COLLEGE FRANCOIS VILLON,34255,SAINT GELY DU FESC,public,132.7
4652,2021-2022,MONTPELLIER,034,HERAULT,0341826A,COLLEGE FRANCOIS MITTERRAND,34077,CLAPIERS,public,131.4
4653,2021-2022,MONTPELLIER,034,HERAULT,0342050U,COLLEGE FRANCOISE GIROUD,34329,VENDRES,public,102.1
4654,2021-2022,MONTPELLIER,034,HERAULT,0342051V,COLLEGE VINCENT BADIE,34163,MONTARNAUD,public,121.2
4655,2021-2022,MONTPELLIER,034,HERAULT,0342132H,COLLEGE LUCIE AUBRAC,34032,BEZIERS,public,73.7
4826,2021-2022,MONTPELLIER,048,LOZERE,0480017H,COLLEGE ODILON BARROT,48198,VILLEFORT,public,99.0
4827,2021-2022,MONTPELLIER,048,LOZERE,0480607Z,COLLEGE HENRI BOURRILLON,48095,MENDE,public,110.6
5097,2021-2022,MONTPELLIER,066,PYRENEES-ORIENTALES,0660016J,COLLEGE LA GARRIGOLE,66136,PERPIGNAN,public,74.9
5098,2021-2022,MONTPELLIER,066,PYRENEES-ORIENTALES,0660018L,COLLEGE MADAME DE SEVIGNE,66136,PERPIGNAN,public,71.4
5099,2021-2022,MONTPELLIER,066,PYRENEES-ORIENTALES,0660029Y,COLLEGE JOSEPH CALVET,66187,SAINT PAUL DE FENOUILLET,public,91.0
5100,2021-2022,MONTPELLIER,066,PYRENEES-ORIENTALES,0660051X,COLLEGE ALBERT CAMUS,66136,PERPIGNAN,public,67.1
5101,2021-2022,MONTPELLIER,066,PYRENEES-ORIENTALES,0660058E,COLLEGE PRIVE SAINT LOUIS DE GONZAGUE,66136,PERPIGNAN,privé sous contrat,123.0
5102,2021-2022,MONTPELLIER,066,PYRENEES-ORIENTALES,0660061H,COLLEGE PRIVE MAINTENON,66136,PERPIGNAN,privé sous contrat,118.6
5103,2021-2022,MONTPELLIER,066,PYRENEES-ORIENTALES,0660521H,COLLEGE PAU CASALS,66028,CABESTANY,public,105.6
5104,2021-2022,MONTPELLIER,066,PYRENEES-ORIENTALES,0660653B,COLLEGE JULES VERNE,66195,LE SOLER,public,100.8
5739,2021-2022,MONTPELLIER,011,AUDE,0110010B,COLLEGE ANDRE CHENIER,11069,CARCASSONNE,public,96.3
5740,2021-2022,MONTPELLIER,011,AUDE,0110026U,COLLEGE JULES FERRY,11262,NARBONNE,public,94.1
5741,2021-2022,MONTPELLIER,011,AUDE,0110052X,COLLEGE PRIVE SAINT JOSEPH DE CLUNY,11206,LIMOUX,privé sous contrat,97.1
5742,2021-2022,MONTPELLIER,011,AUDE,0110068P,COLLEGE GEORGES BRASSENS,11262,NARBONNE,public,85.4
5743,2021-2022,MONTPELLIER,011,AUDE,0110666P,COLLEGE LE BASTION,11069,CARCASSONNE,public,99.4
5744,2021-2022,MONTPELLIER,011,AUDE,0110672W,COLLEGE JULES VERNE,11069,CARCASSONNE,public,81.0
5745,2021-2022,MONTPELLIER,011,AUDE,0110676A,COLLEGE SAINT EXUPERY,11049,BRAM,public,105.6
5746,2021-2022,MONTPELLIER,011,AUDE,0110721Z,COLLEGE ANTOINE COURRIERE,11115,CUXAC CABARDES,public,108.3
5747,2021-2022,MONTPELLIER,011,AUDE,0110788X,COLLEGE MONTESQUIEU,11262,NARBONNE,public,90.4
5943,2021-2022,MONTPELLIER,030,GARD,0300001N,COLLEGE IRENE JOLIOT CURIE,30003,AIGUES MORTES,public,98.0
5944,2021-2022,MONTPELLIER,030,GARD,0300036B,COLLEGE ARMAND COUSSENS,30227,SAINT AMBROIX,public,95.6
5945,2021-2022,MONTPELLIER,030,GARD,0300043J,COLLEGE JEAN BAPTISTE DUMAS,30305,SALINDRES,public,105.9
5946,2021-2022,MONTPELLIER,030,GARD,0300055X,COLLEGE BERNARD DE VENTADOUR,30028,BAGNOLS SUR CEZE,public,102.7
5947,2021-2022,MONTPELLIER,030,GARD,0300089J,COLLEGE PRIVE D ALZON SAINT FELIX,30032,BEAUCAIRE,privé sous contrat,98.7
5948,2021-2022,MONTPELLIER,030,GARD,0300096S,COLLEGE PRIVE VALSAINTE,30189,NIMES,privé sous contrat,96.8
5949,2021-2022,MONTPELLIER,030,GARD,0301013N,COLLEGE JEAN MOULIN,30007,ALES,public,73.6
5950,2021-2022,MONTPELLIER,030,GARD,0301096D,COLLEGE LA VALLEE VERTE,30341,VAUVERT,public,88.8
5951,2021-2022,MONTPELLIER,030,GARD,0301209B,COLLEGE LES FONTAINES,30047,BOUILLARGUES,public,112.3
5952,2021-2022,MONTPELLIER,030,GARD,0301246S,COLLEGE LA GARDONNENQUE,30053,BRIGNON,public,106.9
5953,2021-2022,MONTPELLIER,030,GARD,0301282F,COLLEGE ELSA TRIOLET,30032,BEAUCAIRE,public,88.0
5954,2021-2022,MONTPELLIER,030,GARD,0301283G,COLLEGE LOU REDOUNET,30334,UZES,public,107.8
5955,2021-2022,MONTPELLIER,030,GARD,0301327E,COLLEGE GERARD PHILIPE,30028,BAGNOLS SUR CEZE,public,104.6
5956,2021-2022,MONTPELLIER,030,GARD,0301357M,COLLEGE PRIVE SAINT STANISLAS,30189,NIMES,privé sous contrat,114.7
5957,2021-2022,MONTPELLIER,030,GARD,0301728R,COLLEGE PRIVE DE LA SALLE,30007,ALES,privé sous contrat,100.4
6010,2021-2022,MONTPELLIER,034,HERAULT,0340008Z,COLLEGE VICTOR HUGO,34031,BESSAN,public,89.2
6011,2021-2022,MONTPELLIER,034,HERAULT,0340037F,COLLEGE JULES FERRY,34162,MONTAGNAC,public,98.6
6012,2021-2022,MONTPELLIER,034,HERAULT,0340057C,COLLEGE ANTOINE FAURE,34189,OLONZAC,public,104.8
6013,2021-2022,MONTPELLIER,034,HERAULT,0340062H,COLLEGE VIA DOMITIA,34213,POUSSAN,public,110.7
6014,2021-2022,MONTPELLIER,034,HERAULT,0340086J,COLLEGE FREDERIC BAZILLE,34057,CASTELNAU LE LEZ,public,114.5
6015,2021-2022,MONTPELLIER,034,HERAULT,0340109J,COLLEGE LES GARRIGUES,34172,MONTPELLIER,public,77.3
6016,2021-2022,MONTPELLIER,034,HERAULT,0340115R,COLLEGE PAUL VALERY,34301,SETE,public,103.8
6017,2021-2022,MONTPELLIER,034,HERAULT,0340880X,COLLEGE PRIVE LA PROVIDENCE,34172,MONTPELLIER,privé sous contrat,111.6
6018,2021-2022,MONTPELLIER,034,HERAULT,0340904Y,COLLEGE PRIVE SAINT FRANCOIS D ASSISE,34172,MONTPELLIER,privé sous contrat,110.3
6019,2021-2022,MONTPELLIER,034,HERAULT,0340907B,COLLEGE PRIVE SAINTE MARTHE,34199,PEZENAS,privé sous contrat,116.1
6020,2021-2022,MONTPELLIER,034,HERAULT,0340996Y,COLLEGE LES ESCHOLIERS DE LA MOSSON,34172,MONTPELLIER,public,68.4
6021,2021-2022,MONTPELLIER,034,HERAULT,0341032M,COLLEGE RENE CASSIN,34003,AGDE,public,85.8
6022,2021-2022,MONTPELLIER,034,HERAULT,0341277D,COLLEGE LES AIGUERELLES,34172,MONTPELLIER,public,83.4
6023,2021-2022,MONTPELLIER,034,HERAULT,0341421K,COLLEGE JOFFRE,34172,MONTPELLIER,public,110.6
6024,2021-2022,MONTPELLIER,034,HERAULT,0341870Y,COLLEGE MARIE CURIE,34202,PIGNAN,public,110.1
6025,2021-2022,MONTPELLIER,034,HERAULT,0342076X,COLLEGE DE LA PETITE CAMARGUE,34127,LANSARGUES,public,111.3
6026,2021-2022,MONTPELLIER,034,HERAULT,0342080B,COLLEGE PRIVE NOTRE DAME,34003,AGDE,privé sous contrat,108.1
6027,2021-2022,MONTPELLIER,034,HERAULT,0342131G,COLLEGE FRANCOIS RABELAIS,34172,MONTPELLIER,public,91.3
6028,2021-2022,MONTPELLIER,034,HERAULT,0342224H,COLLEGE OLYMPE DE GOUGES,34143,LOUPIAN,public,109.4
6029,2021-2022,MONTPELLIER,034,HERAULT,0342297M,COLLEGE PRIVE SAINT JOSEPH PIERRE ROUGE,34169,MONTFERRIER SUR LEZ,privé sous contrat,127.9
6186,2021-2022,MONTPELLIER,048,LOZERE,0480011B,COLLEGE ANDRE CHAMSON,48096,MEYRUEIS,public,104.1
6187,2021-2022,MONTPELLIER,048,LOZERE,0480024R,COLLEGE PRIVE NOTRE DAME,48092,MARVEJOLS,privé sous contrat,107.8
6450,2021-2022,MONTPELLIER,066,PYRENEES-ORIENTALES,0660017K,COLLEGE JEAN MACE,66136,PERPIGNAN,public,79.4
6451,2021-2022,MONTPELLIER,066,PYRENEES-ORIENTALES,0660028X,COLLEGE JEAN MERMOZ,66180,SAINT LAURENT DE LA SALANQUE,public,96.2
6452,2021-2022,MONTPELLIER,066,PYRENEES-ORIENTALES,0660062J,COLLEGE PRIVE JEANNE D ARC,66136,PERPIGNAN,privé sous contrat,128.0
6453,2021-2022,MONTPELLIER,066,PYRENEES-ORIENTALES,0660065M,COLLEGE PRIVE NOTRE DAME DES ANGES,66069,ESPIRA DE L AGLY,privé sous contrat,101.1
6454,2021-2022,MONTPELLIER,066,PYRENEES-ORIENTALES,0660431K,COLLEGE LE RIBERAL,66172,SAINT ESTEVE,public,101.6
6455,2021-2022,MONTPELLIER,066,PYRENEES-ORIENTALES,0660480N,COLLEGE JEAN MOULIN,66009,ARLES SUR TECH,public,90.2
6456,2021-2022,MONTPELLIER,066,PYRENEES-ORIENTALES,0660522J,COLLEGE MARCEL PAGNOL,66136,PERPIGNAN,public,60.6
6457,2021-2022,MONTPELLIER,066,PYRENEES-ORIENTALES,0660523K,COLLEGE PAUL LANGEVIN,66065,ELNE,public,99.6
6458,2021-2022,MONTPELLIER,066,PYRENEES-ORIENTALES,0660848N,COLLEGE ALICE ET JEAN OLIBO,66171,SAINT CYPRIEN,public,98.4
6459,2021-2022,MONTPELLIER,066,PYRENEES-ORIENTALES,0660872P,COLLEGE PRIVE POMPEU FABRA,66195,LE SOLER,privé sous contrat,83.0
